24332,C:\Users\Tisya\Documents\A-Level\A-Level\Computer Science\NEA\Pocket Stylist App\Images\item24332.jpg,accessories
19782,C:\Users\Tisya\Documents\A-Level\A-Level\Computer Science\NEA\Pocket Stylist App\Images\item19782.jpg,accessories
82046,C:\Users\Tisya\Documents\A-Level\A-Level\Computer Science\NEA\Pocket Stylist App\Images\item82046.PNG,accessories
94127,C:\Users\Tisya\Documents\A-Level\A-Level\Computer Science\NEA\Pocket Stylist App\Images\item94127.PNG,accessories
91220,C:\Users\Tisya\Documents\A-Level\A-Level\Computer Science\NEA\Pocket Stylist App\Images\item91220.jpg,accessories
86224,C:\Users\Tisya\Documents\A-Level\A-Level\Computer Science\NEA\Pocket Stylist App\Images\item86224.jpg,bottom
62598,C:\Users\Tisya\Documents\A-Level\A-Level\Computer Science\NEA\Pocket Stylist App\Images\item62598.jpg,bottom
34010,C:\Users\Tisya\Documents\A-Level\A-Level\Computer Science\NEA\Pocket Stylist App\Images\item34010.PNG,bottom
63711,C:\Users\Tisya\Documents\A-Level\A-Level\Computer Science\NEA\Pocket Stylist App\Images\item63711.PNG,bottom
95532,C:\Users\Tisya\Documents\A-Level\A-Level\Computer Science\NEA\Pocket Stylist App\Images\item95532.PNG,bottom
95480,C:\Users\Tisya\Documents\A-Level\A-Level\Computer Science\NEA\Pocket Stylist App\Images\item95480.jpg,jackets
16080,C:\Users\Tisya\Documents\A-Level\A-Level\Computer Science\NEA\Pocket Stylist App\Images\item16080.PNG,jackets
50052,C:\Users\Tisya\Documents\A-Level\A-Level\Computer Science\NEA\Pocket Stylist App\Images\item50052.PNG,jackets
47245,C:\Users\Tisya\Documents\A-Level\A-Level\Computer Science\NEA\Pocket Stylist App\Images\item47245.PNG,onepiece
19525,C:\Users\Tisya\Documents\A-Level\A-Level\Computer Science\NEA\Pocket Stylist App\Images\item19525.jpg,onepiece
88694,C:\Users\Tisya\Documents\A-Level\A-Level\Computer Science\NEA\Pocket Stylist App\Images\item88694.PNG,shoes
61671,C:\Users\Tisya\Documents\A-Level\A-Level\Computer Science\NEA\Pocket Stylist App\Images\item61671.PNG,shoes
14823,C:\Users\Tisya\Documents\A-Level\A-Level\Computer Science\NEA\Pocket Stylist App\Images\item14823.png,shoes
41864,C:\Users\Tisya\Documents\A-Level\A-Level\Computer Science\NEA\Pocket Stylist App\Images\item41864.jpg,jackets
41999,C:\Users\Tisya\Documents\A-Level\A-Level\Computer Science\NEA\Pocket Stylist App\Images\item41999.jpg,onepiece
57880,C:\Users\Tisya\Documents\A-Level\A-Level\Computer Science\NEA\Pocket Stylist App\Images\item57880.PNG,bottom
82702,C:\Users\Tisya\Documents\A-Level\A-Level\Computer Science\NEA\Pocket Stylist App\Images\item82702.PNG,top
71015,C:\Users\Tisya\Documents\A-Level\A-Level\Computer Science\NEA\Pocket Stylist App\Images\item71015.PNG,top
31678,C:\Users\Tisya\Documents\A-Level\A-Level\Computer Science\NEA\Pocket Stylist App\Images\item31678.PNG,top
61406,C:\Users\Tisya\Documents\A-Level\A-Level\Computer Science\NEA\Pocket Stylist App\Images\item61406.PNG,top
36847,C:\Users\Tisya\Documents\A-Level\A-Level\Computer Science\NEA\Pocket Stylist App\Images\item36847.PNG,top
39856,C:\Users\Tisya\Documents\A-Level\A-Level\Computer Science\NEA\Pocket Stylist App\Images\item39856.PNG,top
19564,C:\Users\Tisya\Documents\A-Level\A-Level\Computer Science\NEA\Pocket Stylist App\Images\item19564.jpg,top
66657,C:\Users\Tisya\Documents\A-Level\A-Level\Computer Science\NEA\Pocket Stylist App\Images\item66657.jpg,top
48052,C:\Users\Tisya\Documents\A-Level\A-Level\Computer Science\NEA\Pocket Stylist App\Images\item48052.PNG,top
93306,C:\Users\Tisya\Documents\A-Level\A-Level\Computer Science\NEA\Pocket Stylist App\Images\item93306.PNG,top
